# hostname;interval;timestamp;cpu;total;dropd;squeezd;rx_rps;flw_lim;blg_len
pablolaptop.pegaso.lan;601;2024-05-14 13:00:01;all;27.72;0.0;0.0;0.0;0.0;0
pablolaptop.pegaso.lan;601;2024-05-14 13:00:01;0;2.18;0.0;0.0;0.0;0.0;0
pablolaptop.pegaso.lan;601;2024-05-14 13:00:01;1;0.77;0.0;0.0;0.0;0.0;0
pablolaptop.pegaso.lan;601;2024-05-14 13:00:01;2;2.26;0.0;0.0;0.0;0.0;0
pablolaptop.pegaso.lan;601;2024-05-14 13:00:01;3;5.51;0.0;0.0;0.0;0.0;0
pablolaptop.pegaso.lan;601;2024-05-14 13:00:01;4;2.0;0.0;0.0;0.0;0.0;0
pablolaptop.pegaso.lan;601;2024-05-14 13:00:01;5;7.21;0.0;0.0;0.0;0.0;0
pablolaptop.pegaso.lan;601;2024-05-14 13:00:01;6;1.63;0.0;0.0;0.0;0.0;0
pablolaptop.pegaso.lan;601;2024-05-14 13:00:01;7;0.3;0.0;0.0;0.0;0.0;0
pablolaptop.pegaso.lan;601;2024-05-14 13:00:01;8;1.71;0.0;0.0;0.0;0.0;0
pablolaptop.pegaso.lan;601;2024-05-14 13:00:01;9;1.47;0.0;0.0;0.0;0.0;0
pablolaptop.pegaso.lan;601;2024-05-14 13:00:01;10;0.98;0.0;0.0;0.0;0.0;0
pablolaptop.pegaso.lan;601;2024-05-14 13:00:01;11;1.68;0.0;0.0;0.0;0.0;0
pablolaptop.pegaso.lan;601;2024-05-14 13:10:01;all;20.41;0.0;0.0;0.0;0.0;0
pablolaptop.pegaso.lan;601;2024-05-14 13:10:01;0;1.16;0.0;0.0;0.0;0.0;0
pablolaptop.pegaso.lan;601;2024-05-14 13:10:01;1;0.68;0.0;0.0;0.0;0.0;0
pablolaptop.pegaso.lan;601;2024-05-14 13:10:01;2;1.48;0.0;0.0;0.0;0.0;0
pablolaptop.pegaso.lan;601;2024-05-14 13:10:01;3;5.66;0.0;0.0;0.0;0.0;0
pablolaptop.pegaso.lan;601;2024-05-14 13:10:01;4;0.75;0.0;0.0;0.0;0.0;0
pablolaptop.pegaso.lan;601;2024-05-14 13:10:01;5;1.94;0.0;0.0;0.0;0.0;0
pablolaptop.pegaso.lan;601;2024-05-14 13:10:01;6;0.95;0.0;0.0;0.0;0.0;0
pablolaptop.pegaso.lan;601;2024-05-14 13:10:01;7;1.09;0.0;0.0;0.0;0.0;0
pablolaptop.pegaso.lan;601;2024-05-14 13:10:01;8;2.4;0.0;0.0;0.0;0.0;0
pablolaptop.pegaso.lan;601;2024-05-14 13:10:01;9;1.59;0.0;0.0;0.0;0.0;0
pablolaptop.pegaso.lan;601;2024-05-14 13:10:01;10;0.97;0.0;0.0;0.0;0.0;0
pablolaptop.pegaso.lan;601;2024-05-14 13:10:01;11;1.74;0.0;0.0;0.0;0.0;0
pablolaptop.pegaso.lan;601;2024-05-14 13:20:02;all;15.63;0.0;0.0;0.0;0.0;0
pablolaptop.pegaso.lan;601;2024-05-14 13:20:02;0;1.06;0.0;0.0;0.0;0.0;0
pablolaptop.pegaso.lan;601;2024-05-14 13:20:02;1;1.03;0.0;0.0;0.0;0.0;0
pablolaptop.pegaso.lan;601;2024-05-14 13:20:02;2;1.44;0.0;0.0;0.0;0.0;0
pablolaptop.pegaso.lan;601;2024-05-14 13:20:02;3;5.15;0.0;0.0;0.0;0.0;0
pablolaptop.pegaso.lan;601;2024-05-14 13:20:02;4;0.36;0.0;0.0;0.0;0.0;0
pablolaptop.pegaso.lan;601;2024-05-14 13:20:02;5;1.17;0.0;0.0;0.0;0.0;0
pablolaptop.pegaso.lan;601;2024-05-14 13:20:02;6;0.21;0.0;0.0;0.0;0.0;0
pablolaptop.pegaso.lan;601;2024-05-14 13:20:02;7;1.1;0.0;0.0;0.0;0.0;0
pablolaptop.pegaso.lan;601;2024-05-14 13:20:02;8;0.92;0.0;0.0;0.0;0.0;0
pablolaptop.pegaso.lan;601;2024-05-14 13:20:02;9;0.75;0.0;0.0;0.0;0.0;0
pablolaptop.pegaso.lan;601;2024-05-14 13:20:02;10;0.08;0.0;0.0;0.0;0.0;0
pablolaptop.pegaso.lan;601;2024-05-14 13:20:02;11;2.37;0.0;0.0;0.0;0.0;0
pablolaptop.pegaso.lan;601;2024-05-14 13:30:03;all;21.01;0.0;0.0;0.0;0.0;0
pablolaptop.pegaso.lan;601;2024-05-14 13:30:03;0;1.06;0.0;0.0;0.0;0.0;0
pablolaptop.pegaso.lan;601;2024-05-14 13:30:03;1;0.52;0.0;0.0;0.0;0.0;0
pablolaptop.pegaso.lan;601;2024-05-14 13:30:03;2;2.07;0.0;0.0;0.0;0.0;0
pablolaptop.pegaso.lan;601;2024-05-14 13:30:03;3;7.71;0.0;0.0;0.0;0.0;0
pablolaptop.pegaso.lan;601;2024-05-14 13:30:03;4;1.27;0.0;0.0;0.0;0.0;0
pablolaptop.pegaso.lan;601;2024-05-14 13:30:03;5;2.2;0.0;0.0;0.0;0.0;0
pablolaptop.pegaso.lan;601;2024-05-14 13:30:03;6;1.13;0.0;0.0;0.0;0.0;0
pablolaptop.pegaso.lan;601;2024-05-14 13:30:03;7;0.75;0.0;0.0;0.0;0.0;0
pablolaptop.pegaso.lan;601;2024-05-14 13:30:03;8;2.59;0.0;0.0;0.0;0.0;0
pablolaptop.pegaso.lan;601;2024-05-14 13:30:03;9;0.83;0.0;0.0;0.0;0.0;0
pablolaptop.pegaso.lan;601;2024-05-14 13:30:03;10;0.26;0.0;0.0;0.0;0.0;0
pablolaptop.pegaso.lan;601;2024-05-14 13:30:03;11;0.63;0.0;0.0;0.0;0.0;0
pablolaptop.pegaso.lan;601;2024-05-14 13:40:03;all;22.73;0.0;0.0;0.0;0.0;0
pablolaptop.pegaso.lan;601;2024-05-14 13:40:03;0;0.48;0.0;0.0;0.0;0.0;0
pablolaptop.pegaso.lan;601;2024-05-14 13:40:03;1;0.59;0.0;0.0;0.0;0.0;0
pablolaptop.pegaso.lan;601;2024-05-14 13:40:03;2;1.94;0.0;0.0;0.0;0.0;0
pablolaptop.pegaso.lan;601;2024-05-14 13:40:03;3;5.21;0.0;0.0;0.0;0.0;0
pablolaptop.pegaso.lan;601;2024-05-14 13:40:03;4;0.95;0.0;0.0;0.0;0.0;0
pablolaptop.pegaso.lan;601;2024-05-14 13:40:03;5;4.11;0.0;0.0;0.0;0.0;0
pablolaptop.pegaso.lan;601;2024-05-14 13:40:03;6;3.17;0.0;0.0;0.0;0.0;0
pablolaptop.pegaso.lan;601;2024-05-14 13:40:03;7;0.43;0.0;0.0;0.0;0.0;0
pablolaptop.pegaso.lan;601;2024-05-14 13:40:03;8;2.15;0.0;0.0;0.0;0.0;0
pablolaptop.pegaso.lan;601;2024-05-14 13:40:03;9;1.5;0.0;0.0;0.0;0.0;0
pablolaptop.pegaso.lan;601;2024-05-14 13:40:03;10;1.57;0.0;0.0;0.0;0.0;0
pablolaptop.pegaso.lan;601;2024-05-14 13:40:03;11;0.63;0.0;0.0;0.0;0.0;0
pablolaptop.pegaso.lan;601;2024-05-14 13:50:04;all;28.07;0.0;0.0;0.0;0.0;0
pablolaptop.pegaso.lan;601;2024-05-14 13:50:04;0;1.35;0.0;0.0;0.0;0.0;0
pablolaptop.pegaso.lan;601;2024-05-14 13:50:04;1;1.93;0.0;0.0;0.0;0.0;0
pablolaptop.pegaso.lan;601;2024-05-14 13:50:04;2;2.32;0.0;0.0;0.0;0.0;0
pablolaptop.pegaso.lan;601;2024-05-14 13:50:04;3;5.94;0.0;0.0;0.0;0.0;0
pablolaptop.pegaso.lan;601;2024-05-14 13:50:04;4;0.96;0.0;0.0;0.0;0.0;0
pablolaptop.pegaso.lan;601;2024-05-14 13:50:04;5;2.82;0.0;0.0;0.0;0.0;0
pablolaptop.pegaso.lan;601;2024-05-14 13:50:04;6;6.17;0.0;0.0;0.0;0.0;0
pablolaptop.pegaso.lan;601;2024-05-14 13:50:04;7;0.43;0.0;0.0;0.0;0.0;0
pablolaptop.pegaso.lan;601;2024-05-14 13:50:04;8;2.6;0.0;0.0;0.0;0.0;0
pablolaptop.pegaso.lan;601;2024-05-14 13:50:04;9;1.17;0.0;0.0;0.0;0.0;0
pablolaptop.pegaso.lan;601;2024-05-14 13:50:04;10;1.02;0.0;0.0;0.0;0.0;0
pablolaptop.pegaso.lan;601;2024-05-14 13:50:04;11;1.36;0.0;0.0;0.0;0.0;0
pablolaptop.pegaso.lan;601;2024-05-14 14:00:04;all;29.28;0.0;0.0;0.0;0.0;0
pablolaptop.pegaso.lan;601;2024-05-14 14:00:04;0;0.92;0.0;0.0;0.0;0.0;0
pablolaptop.pegaso.lan;601;2024-05-14 14:00:04;1;2.13;0.0;0.0;0.0;0.0;0
pablolaptop.pegaso.lan;601;2024-05-14 14:00:04;2;1.27;0.0;0.0;0.0;0.0;0
pablolaptop.pegaso.lan;601;2024-05-14 14:00:04;3;5.36;0.0;0.0;0.0;0.0;0
pablolaptop.pegaso.lan;601;2024-05-14 14:00:04;4;1.41;0.0;0.0;0.0;0.0;0
pablolaptop.pegaso.lan;601;2024-05-14 14:00:04;5;1.18;0.0;0.0;0.0;0.0;0
pablolaptop.pegaso.lan;601;2024-05-14 14:00:04;6;1.96;0.0;0.0;0.0;0.0;0
pablolaptop.pegaso.lan;601;2024-05-14 14:00:04;7;0.89;0.0;0.0;0.0;0.0;0
pablolaptop.pegaso.lan;601;2024-05-14 14:00:04;8;1.68;0.0;0.0;0.0;0.0;0
pablolaptop.pegaso.lan;601;2024-05-14 14:00:04;9;9.12;0.0;0.0;0.0;0.0;0
pablolaptop.pegaso.lan;601;2024-05-14 14:00:04;10;1.4;0.0;0.0;0.0;0.0;0
pablolaptop.pegaso.lan;601;2024-05-14 14:00:04;11;1.95;0.0;0.0;0.0;0.0;0
pablolaptop.pegaso.lan;601;2024-05-14 14:10:05;all;148.06;0.0;0.0;0.0;0.0;0
pablolaptop.pegaso.lan;601;2024-05-14 14:10:05;0;0.66;0.0;0.0;0.0;0.0;0
pablolaptop.pegaso.lan;601;2024-05-14 14:10:05;1;1.91;0.0;0.0;0.0;0.0;0
pablolaptop.pegaso.lan;601;2024-05-14 14:10:05;2;3.94;0.0;0.0;0.0;0.0;0
pablolaptop.pegaso.lan;601;2024-05-14 14:10:05;3;6.65;0.0;0.0;0.0;0.0;0
pablolaptop.pegaso.lan;601;2024-05-14 14:10:05;4;0.26;0.0;0.0;0.0;0.0;0
pablolaptop.pegaso.lan;601;2024-05-14 14:10:05;5;112.47;0.0;0.0;0.0;0.0;0
pablolaptop.pegaso.lan;601;2024-05-14 14:10:05;6;13.19;0.0;0.0;0.0;0.0;0
pablolaptop.pegaso.lan;601;2024-05-14 14:10:05;7;0.24;0.0;0.0;0.0;0.0;0
pablolaptop.pegaso.lan;601;2024-05-14 14:10:05;8;2.4;0.0;0.0;0.0;0.0;0
pablolaptop.pegaso.lan;601;2024-05-14 14:10:05;9;2.09;0.0;0.0;0.0;0.0;0
pablolaptop.pegaso.lan;601;2024-05-14 14:10:05;10;1.02;0.0;0.0;0.0;0.0;0
pablolaptop.pegaso.lan;601;2024-05-14 14:10:05;11;3.23;0.0;0.0;0.0;0.0;0
pablolaptop.pegaso.lan;601;2024-05-14 14:20:06;all;181.54;0.0;0.0;0.0;0.0;0
pablolaptop.pegaso.lan;601;2024-05-14 14:20:06;0;0.6;0.0;0.0;0.0;0.0;0
pablolaptop.pegaso.lan;601;2024-05-14 14:20:06;1;1.95;0.0;0.0;0.0;0.0;0
pablolaptop.pegaso.lan;601;2024-05-14 14:20:06;2;130.64;0.0;0.0;0.0;0.0;0
pablolaptop.pegaso.lan;601;2024-05-14 14:20:06;3;5.86;0.0;0.0;0.0;0.0;0
pablolaptop.pegaso.lan;601;2024-05-14 14:20:06;4;0.82;0.0;0.0;0.0;0.0;0
pablolaptop.pegaso.lan;601;2024-05-14 14:20:06;5;27.73;0.0;0.0;0.0;0.0;0
pablolaptop.pegaso.lan;601;2024-05-14 14:20:06;6;5.81;0.0;0.0;0.0;0.0;0
pablolaptop.pegaso.lan;601;2024-05-14 14:20:06;7;0.82;0.0;0.0;0.0;0.0;0
pablolaptop.pegaso.lan;601;2024-05-14 14:20:06;8;1.47;0.0;0.0;0.0;0.0;0
pablolaptop.pegaso.lan;601;2024-05-14 14:20:06;9;1.99;0.0;0.0;0.0;0.0;0
pablolaptop.pegaso.lan;601;2024-05-14 14:20:06;10;0.72;0.0;0.0;0.0;0.0;0
pablolaptop.pegaso.lan;601;2024-05-14 14:20:06;11;3.14;0.0;0.0;0.0;0.0;0
pablolaptop.pegaso.lan;601;2024-05-14 14:30:06;all;40.31;0.0;0.0;0.0;0.0;0
pablolaptop.pegaso.lan;601;2024-05-14 14:30:06;0;1.87;0.0;0.0;0.0;0.0;0
pablolaptop.pegaso.lan;601;2024-05-14 14:30:06;1;1.98;0.0;0.0;0.0;0.0;0
pablolaptop.pegaso.lan;601;2024-05-14 14:30:06;2;20.04;0.0;0.0;0.0;0.0;0
pablolaptop.pegaso.lan;601;2024-05-14 14:30:06;3;6.42;0.0;0.0;0.0;0.0;0
pablolaptop.pegaso.lan;601;2024-05-14 14:30:06;4;0.68;0.0;0.0;0.0;0.0;0
pablolaptop.pegaso.lan;601;2024-05-14 14:30:06;5;1.75;0.0;0.0;0.0;0.0;0
pablolaptop.pegaso.lan;601;2024-05-14 14:30:06;6;1.43;0.0;0.0;0.0;0.0;0
pablolaptop.pegaso.lan;601;2024-05-14 14:30:06;7;0.22;0.0;0.0;0.0;0.0;0
pablolaptop.pegaso.lan;601;2024-05-14 14:30:06;8;0.95;0.0;0.0;0.0;0.0;0
pablolaptop.pegaso.lan;601;2024-05-14 14:30:06;9;1.48;0.0;0.0;0.0;0.0;0
pablolaptop.pegaso.lan;601;2024-05-14 14:30:06;10;0.97;0.0;0.0;0.0;0.0;0
pablolaptop.pegaso.lan;601;2024-05-14 14:30:06;11;2.53;0.0;0.0;0.0;0.0;0
pablolaptop.pegaso.lan;601;2024-05-14 14:40:07;all;25.4;0.0;0.0;0.0;0.0;0
pablolaptop.pegaso.lan;601;2024-05-14 14:40:07;0;0.76;0.0;0.0;0.0;0.0;0
pablolaptop.pegaso.lan;601;2024-05-14 14:40:07;1;4.0;0.0;0.0;0.0;0.0;0
pablolaptop.pegaso.lan;601;2024-05-14 14:40:07;2;2.44;0.0;0.0;0.0;0.0;0
pablolaptop.pegaso.lan;601;2024-05-14 14:40:07;3;6.7;0.0;0.0;0.0;0.0;0
pablolaptop.pegaso.lan;601;2024-05-14 14:40:07;4;0.25;0.0;0.0;0.0;0.0;0
pablolaptop.pegaso.lan;601;2024-05-14 14:40:07;5;1.58;0.0;0.0;0.0;0.0;0
pablolaptop.pegaso.lan;601;2024-05-14 14:40:07;6;2.19;0.0;0.0;0.0;0.0;0
pablolaptop.pegaso.lan;601;2024-05-14 14:40:07;7;0.26;0.0;0.0;0.0;0.0;0
pablolaptop.pegaso.lan;601;2024-05-14 14:40:07;8;2.64;0.0;0.0;0.0;0.0;0
pablolaptop.pegaso.lan;601;2024-05-14 14:40:07;9;0.71;0.0;0.0;0.0;0.0;0
pablolaptop.pegaso.lan;601;2024-05-14 14:40:07;10;2.34;0.0;0.0;0.0;0.0;0
pablolaptop.pegaso.lan;601;2024-05-14 14:40:07;11;1.52;0.0;0.0;0.0;0.0;0
pablolaptop.pegaso.lan;601;2024-05-14 14:50:07;all;17.4;0.0;0.0;0.0;0.0;0
pablolaptop.pegaso.lan;601;2024-05-14 14:50:07;0;1.11;0.0;0.0;0.0;0.0;0
pablolaptop.pegaso.lan;601;2024-05-14 14:50:07;1;0.03;0.0;0.0;0.0;0.0;0
pablolaptop.pegaso.lan;601;2024-05-14 14:50:07;2;1.4;0.0;0.0;0.0;0.0;0
pablolaptop.pegaso.lan;601;2024-05-14 14:50:07;3;5.68;0.0;0.0;0.0;0.0;0
pablolaptop.pegaso.lan;601;2024-05-14 14:50:07;4;0.83;0.0;0.0;0.0;0.0;0
pablolaptop.pegaso.lan;601;2024-05-14 14:50:07;5;3.52;0.0;0.0;0.0;0.0;0
pablolaptop.pegaso.lan;601;2024-05-14 14:50:07;6;0.29;0.0;0.0;0.0;0.0;0
pablolaptop.pegaso.lan;601;2024-05-14 14:50:07;7;0.09;0.0;0.0;0.0;0.0;0
pablolaptop.pegaso.lan;601;2024-05-14 14:50:07;8;0.83;0.0;0.0;0.0;0.0;0
pablolaptop.pegaso.lan;601;2024-05-14 14:50:07;9;0.99;0.0;0.0;0.0;0.0;0
pablolaptop.pegaso.lan;601;2024-05-14 14:50:07;10;0.29;0.0;0.0;0.0;0.0;0
pablolaptop.pegaso.lan;601;2024-05-14 14:50:07;11;2.33;0.0;0.0;0.0;0.0;0
pablolaptop.pegaso.lan;601;2024-05-14 15:00:08;all;12.87;0.0;0.0;0.0;0.0;0
pablolaptop.pegaso.lan;601;2024-05-14 15:00:08;0;0.21;0.0;0.0;0.0;0.0;0
pablolaptop.pegaso.lan;601;2024-05-14 15:00:08;1;0.19;0.0;0.0;0.0;0.0;0
pablolaptop.pegaso.lan;601;2024-05-14 15:00:08;2;0.28;0.0;0.0;0.0;0.0;0
pablolaptop.pegaso.lan;601;2024-05-14 15:00:08;3;5.31;0.0;0.0;0.0;0.0;0
pablolaptop.pegaso.lan;601;2024-05-14 15:00:08;4;0.3;0.0;0.0;0.0;0.0;0
pablolaptop.pegaso.lan;601;2024-05-14 15:00:08;5;0.49;0.0;0.0;0.0;0.0;0
pablolaptop.pegaso.lan;601;2024-05-14 15:00:08;6;1.06;0.0;0.0;0.0;0.0;0
pablolaptop.pegaso.lan;601;2024-05-14 15:00:08;7;0.38;0.0;0.0;0.0;0.0;0
pablolaptop.pegaso.lan;601;2024-05-14 15:00:08;8;0.54;0.0;0.0;0.0;0.0;0
pablolaptop.pegaso.lan;601;2024-05-14 15:00:08;9;2.56;0.0;0.0;0.0;0.0;0
pablolaptop.pegaso.lan;601;2024-05-14 15:00:08;10;0.57;0.0;0.0;0.0;0.0;0
pablolaptop.pegaso.lan;601;2024-05-14 15:00:08;11;0.96;0.0;0.0;0.0;0.0;0
pablolaptop.pegaso.lan;601;2024-05-14 15:10:09;all;13.85;0.0;0.0;0.0;0.0;0
pablolaptop.pegaso.lan;601;2024-05-14 15:10:09;0;0.23;0.0;0.0;0.0;0.0;0
pablolaptop.pegaso.lan;601;2024-05-14 15:10:09;1;0.17;0.0;0.0;0.0;0.0;0
pablolaptop.pegaso.lan;601;2024-05-14 15:10:09;2;0.52;0.0;0.0;0.0;0.0;0
pablolaptop.pegaso.lan;601;2024-05-14 15:10:09;3;5.17;0.0;0.0;0.0;0.0;0
pablolaptop.pegaso.lan;601;2024-05-14 15:10:09;4;0.46;0.0;0.0;0.0;0.0;0
pablolaptop.pegaso.lan;601;2024-05-14 15:10:09;5;1.07;0.0;0.0;0.0;0.0;0
pablolaptop.pegaso.lan;601;2024-05-14 15:10:09;6;1.21;0.0;0.0;0.0;0.0;0
pablolaptop.pegaso.lan;601;2024-05-14 15:10:09;7;0.46;0.0;0.0;0.0;0.0;0
pablolaptop.pegaso.lan;601;2024-05-14 15:10:09;8;1.47;0.0;0.0;0.0;0.0;0
pablolaptop.pegaso.lan;601;2024-05-14 15:10:09;9;1.32;0.0;0.0;0.0;0.0;0
pablolaptop.pegaso.lan;601;2024-05-14 15:10:09;10;0.51;0.0;0.0;0.0;0.0;0
pablolaptop.pegaso.lan;601;2024-05-14 15:10:09;11;1.26;0.0;0.0;0.0;0.0;0
pablolaptop.pegaso.lan;601;2024-05-14 15:20:09;all;73.86;0.0;0.0;0.0;0.0;0
pablolaptop.pegaso.lan;601;2024-05-14 15:20:09;0;0.58;0.0;0.0;0.0;0.0;0
pablolaptop.pegaso.lan;601;2024-05-14 15:20:09;1;1.35;0.0;0.0;0.0;0.0;0
pablolaptop.pegaso.lan;601;2024-05-14 15:20:09;2;0.92;0.0;0.0;0.0;0.0;0
pablolaptop.pegaso.lan;601;2024-05-14 15:20:09;3;5.27;0.0;0.0;0.0;0.0;0
pablolaptop.pegaso.lan;601;2024-05-14 15:20:09;4;0.75;0.0;0.0;0.0;0.0;0
pablolaptop.pegaso.lan;601;2024-05-14 15:20:09;5;2.74;0.0;0.0;0.0;0.0;0
pablolaptop.pegaso.lan;601;2024-05-14 15:20:09;6;3.02;0.0;0.0;0.0;0.0;0
pablolaptop.pegaso.lan;601;2024-05-14 15:20:09;7;10.32;0.0;0.0;0.0;0.0;0
pablolaptop.pegaso.lan;601;2024-05-14 15:20:09;8;40.34;0.0;0.0;0.0;0.0;0
pablolaptop.pegaso.lan;601;2024-05-14 15:20:09;9;5.39;0.0;0.0;0.0;0.0;0
pablolaptop.pegaso.lan;601;2024-05-14 15:20:09;10;1.35;0.0;0.0;0.0;0.0;0
pablolaptop.pegaso.lan;601;2024-05-14 15:20:09;11;1.83;0.0;0.0;0.0;0.0;0
pablolaptop.pegaso.lan;591;2024-05-14 15:30:00;all;14.33;0.0;0.0;0.0;0.0;0
pablolaptop.pegaso.lan;591;2024-05-14 15:30:00;0;0.59;0.0;0.0;0.0;0.0;0
pablolaptop.pegaso.lan;591;2024-05-14 15:30:00;1;1.87;0.0;0.0;0.0;0.0;0
pablolaptop.pegaso.lan;591;2024-05-14 15:30:00;2;0.26;0.0;0.0;0.0;0.0;0
pablolaptop.pegaso.lan;591;2024-05-14 15:30:00;3;5.27;0.0;0.0;0.0;0.0;0
pablolaptop.pegaso.lan;591;2024-05-14 15:30:00;4;0.35;0.0;0.0;0.0;0.0;0
pablolaptop.pegaso.lan;591;2024-05-14 15:30:00;5;0.87;0.0;0.0;0.0;0.0;0
pablolaptop.pegaso.lan;591;2024-05-14 15:30:00;6;1.35;0.0;0.0;0.0;0.0;0
pablolaptop.pegaso.lan;591;2024-05-14 15:30:00;7;0.73;0.0;0.0;0.0;0.0;0
pablolaptop.pegaso.lan;591;2024-05-14 15:30:00;8;0.76;0.0;0.0;0.0;0.0;0
pablolaptop.pegaso.lan;591;2024-05-14 15:30:00;9;0.44;0.0;0.0;0.0;0.0;0
pablolaptop.pegaso.lan;591;2024-05-14 15:30:00;10;0.19;0.0;0.0;0.0;0.0;0
pablolaptop.pegaso.lan;591;2024-05-14 15:30:00;11;1.66;0.0;0.0;0.0;0.0;0
pablolaptop.pegaso.lan;601;2024-05-14 15:40:00;all;25.29;0.0;0.0;0.0;0.0;0
pablolaptop.pegaso.lan;601;2024-05-14 15:40:00;0;0.34;0.0;0.0;0.0;0.0;0
pablolaptop.pegaso.lan;601;2024-05-14 15:40:00;1;1.58;0.0;0.0;0.0;0.0;0
pablolaptop.pegaso.lan;601;2024-05-14 15:40:00;2;0.07;0.0;0.0;0.0;0.0;0
pablolaptop.pegaso.lan;601;2024-05-14 15:40:00;3;5.43;0.0;0.0;0.0;0.0;0
pablolaptop.pegaso.lan;601;2024-05-14 15:40:00;4;0.46;0.0;0.0;0.0;0.0;0
pablolaptop.pegaso.lan;601;2024-05-14 15:40:00;5;10.18;0.0;0.0;0.0;0.0;0
pablolaptop.pegaso.lan;601;2024-05-14 15:40:00;6;1.7;0.0;0.0;0.0;0.0;0
pablolaptop.pegaso.lan;601;2024-05-14 15:40:00;7;1.6;0.0;0.0;0.0;0.0;0
pablolaptop.pegaso.lan;601;2024-05-14 15:40:00;8;0.72;0.0;0.0;0.0;0.0;0
pablolaptop.pegaso.lan;601;2024-05-14 15:40:00;9;1.88;0.0;0.0;0.0;0.0;0
pablolaptop.pegaso.lan;601;2024-05-14 15:40:00;10;0.28;0.0;0.0;0.0;0.0;0
pablolaptop.pegaso.lan;601;2024-05-14 15:40:00;11;1.05;0.0;0.0;0.0;0.0;0
pablolaptop.pegaso.lan;601;2024-05-14 15:50:01;all;20.64;0.0;0.0;0.0;0.0;0
pablolaptop.pegaso.lan;601;2024-05-14 15:50:01;0;0.38;0.0;0.0;0.0;0.0;0
pablolaptop.pegaso.lan;601;2024-05-14 15:50:01;1;1.4;0.0;0.0;0.0;0.0;0
pablolaptop.pegaso.lan;601;2024-05-14 15:50:01;2;0.07;0.0;0.0;0.0;0.0;0
pablolaptop.pegaso.lan;601;2024-05-14 15:50:01;3;5.31;0.0;0.0;0.0;0.0;0
pablolaptop.pegaso.lan;601;2024-05-14 15:50:01;4;0.28;0.0;0.0;0.0;0.0;0
pablolaptop.pegaso.lan;601;2024-05-14 15:50:01;5;2.29;0.0;0.0;0.0;0.0;0
pablolaptop.pegaso.lan;601;2024-05-14 15:50:01;6;4.5;0.0;0.0;0.0;0.0;0
pablolaptop.pegaso.lan;601;2024-05-14 15:50:01;7;2.43;0.0;0.0;0.0;0.0;0
pablolaptop.pegaso.lan;601;2024-05-14 15:50:01;8;0.23;0.0;0.0;0.0;0.0;0
pablolaptop.pegaso.lan;601;2024-05-14 15:50:01;9;1.8;0.0;0.0;0.0;0.0;0
pablolaptop.pegaso.lan;601;2024-05-14 15:50:01;10;0.2;0.0;0.0;0.0;0.0;0
pablolaptop.pegaso.lan;601;2024-05-14 15:50:01;11;1.74;0.0;0.0;0.0;0.0;0
pablolaptop.pegaso.lan;601;2024-05-14 16:00:02;all;36.8;0.0;0.0;0.0;0.0;0
pablolaptop.pegaso.lan;601;2024-05-14 16:00:02;0;2.61;0.0;0.0;0.0;0.0;0
pablolaptop.pegaso.lan;601;2024-05-14 16:00:02;1;1.64;0.0;0.0;0.0;0.0;0
pablolaptop.pegaso.lan;601;2024-05-14 16:00:02;2;1.18;0.0;0.0;0.0;0.0;0
pablolaptop.pegaso.lan;601;2024-05-14 16:00:02;3;5.71;0.0;0.0;0.0;0.0;0
pablolaptop.pegaso.lan;601;2024-05-14 16:00:02;4;0.36;0.0;0.0;0.0;0.0;0
pablolaptop.pegaso.lan;601;2024-05-14 16:00:02;5;10.79;0.0;0.0;0.0;0.0;0
pablolaptop.pegaso.lan;601;2024-05-14 16:00:02;6;4.02;0.0;0.0;0.0;0.0;0
pablolaptop.pegaso.lan;601;2024-05-14 16:00:02;7;3.98;0.0;0.0;0.0;0.0;0
pablolaptop.pegaso.lan;601;2024-05-14 16:00:02;8;0.16;0.0;0.0;0.0;0.0;0
pablolaptop.pegaso.lan;601;2024-05-14 16:00:02;9;3.35;0.0;0.0;0.0;0.0;0
pablolaptop.pegaso.lan;601;2024-05-14 16:00:02;10;1.88;0.0;0.0;0.0;0.0;0
pablolaptop.pegaso.lan;601;2024-05-14 16:00:02;11;1.12;0.0;0.0;0.0;0.0;0
pablolaptop.pegaso.lan;599;2024-05-14 16:10:01;all;14.74;0.0;0.0;0.0;0.0;0
pablolaptop.pegaso.lan;599;2024-05-14 16:10:01;0;1.43;0.0;0.0;0.0;0.0;0
pablolaptop.pegaso.lan;599;2024-05-14 16:10:01;1;1.8;0.0;0.0;0.0;0.0;0
pablolaptop.pegaso.lan;599;2024-05-14 16:10:01;2;0.18;0.0;0.0;0.0;0.0;0
pablolaptop.pegaso.lan;599;2024-05-14 16:10:01;3;3.16;0.0;0.0;0.0;0.0;0
pablolaptop.pegaso.lan;599;2024-05-14 16:10:01;4;0.18;0.0;0.0;0.0;0.0;0
pablolaptop.pegaso.lan;599;2024-05-14 16:10:01;5;2.97;0.0;0.0;0.0;0.0;0
pablolaptop.pegaso.lan;599;2024-05-14 16:10:01;6;1.84;0.0;0.0;0.0;0.0;0
pablolaptop.pegaso.lan;599;2024-05-14 16:10:01;7;0.74;0.0;0.0;0.0;0.0;0
pablolaptop.pegaso.lan;599;2024-05-14 16:10:01;8;0.33;0.0;0.0;0.0;0.0;0
pablolaptop.pegaso.lan;599;2024-05-14 16:10:01;9;1.08;0.0;0.0;0.0;0.0;0
pablolaptop.pegaso.lan;599;2024-05-14 16:10:01;10;0.03;0.0;0.0;0.0;0.0;0
pablolaptop.pegaso.lan;599;2024-05-14 16:10:01;11;1.0;0.0;0.0;0.0;0.0;0
pablolaptop.pegaso.lan;602;2024-05-14 16:20:03;all;15.75;0.0;0.0;0.0;0.0;0
pablolaptop.pegaso.lan;602;2024-05-14 16:20:03;0;1.33;0.0;0.0;0.0;0.0;0
pablolaptop.pegaso.lan;602;2024-05-14 16:20:03;1;0.73;0.0;0.0;0.0;0.0;0
pablolaptop.pegaso.lan;602;2024-05-14 16:20:03;2;0.08;0.0;0.0;0.0;0.0;0
pablolaptop.pegaso.lan;602;2024-05-14 16:20:03;3;1.39;0.0;0.0;0.0;0.0;0
pablolaptop.pegaso.lan;602;2024-05-14 16:20:03;4;0.32;0.0;0.0;0.0;0.0;0
pablolaptop.pegaso.lan;602;2024-05-14 16:20:03;5;5.64;0.0;0.0;0.0;0.0;0
pablolaptop.pegaso.lan;602;2024-05-14 16:20:03;6;1.81;0.0;0.0;0.0;0.0;0
pablolaptop.pegaso.lan;602;2024-05-14 16:20:03;7;0.91;0.0;0.0;0.0;0.0;0
pablolaptop.pegaso.lan;602;2024-05-14 16:20:03;8;0.88;0.0;0.0;0.0;0.0;0
pablolaptop.pegaso.lan;602;2024-05-14 16:20:03;9;0.89;0.0;0.0;0.0;0.0;0
pablolaptop.pegaso.lan;602;2024-05-14 16:20:03;10;0.08;0.0;0.0;0.0;0.0;0
pablolaptop.pegaso.lan;602;2024-05-14 16:20:03;11;1.69;0.0;0.0;0.0;0.0;0
pablolaptop.pegaso.lan;601;2024-05-14 16:30:04;all;13.06;0.0;0.0;0.0;0.0;0
pablolaptop.pegaso.lan;601;2024-05-14 16:30:04;0;1.25;0.0;0.0;0.0;0.0;0
pablolaptop.pegaso.lan;601;2024-05-14 16:30:04;1;0.68;0.0;0.0;0.0;0.0;0
pablolaptop.pegaso.lan;601;2024-05-14 16:30:04;2;0.04;0.0;0.0;0.0;0.0;0
pablolaptop.pegaso.lan;601;2024-05-14 16:30:04;3;0.56;0.0;0.0;0.0;0.0;0
pablolaptop.pegaso.lan;601;2024-05-14 16:30:04;4;0.13;0.0;0.0;0.0;0.0;0
pablolaptop.pegaso.lan;601;2024-05-14 16:30:04;5;5.57;0.0;0.0;0.0;0.0;0
pablolaptop.pegaso.lan;601;2024-05-14 16:30:04;6;1.05;0.0;0.0;0.0;0.0;0
pablolaptop.pegaso.lan;601;2024-05-14 16:30:04;7;0.6;0.0;0.0;0.0;0.0;0
pablolaptop.pegaso.lan;601;2024-05-14 16:30:04;8;1.02;0.0;0.0;0.0;0.0;0
pablolaptop.pegaso.lan;601;2024-05-14 16:30:04;9;0.8;0.0;0.0;0.0;0.0;0
pablolaptop.pegaso.lan;601;2024-05-14 16:30:04;10;0.09;0.0;0.0;0.0;0.0;0
pablolaptop.pegaso.lan;601;2024-05-14 16:30:04;11;1.28;0.0;0.0;0.0;0.0;0
pablolaptop.pegaso.lan;601;2024-05-14 16:40:04;all;14.85;0.0;0.0;0.0;0.0;0
pablolaptop.pegaso.lan;601;2024-05-14 16:40:04;0;0.82;0.0;0.0;0.0;0.0;0
pablolaptop.pegaso.lan;601;2024-05-14 16:40:04;1;1.7;0.0;0.0;0.0;0.0;0
pablolaptop.pegaso.lan;601;2024-05-14 16:40:04;2;0.01;0.0;0.0;0.0;0.0;0
pablolaptop.pegaso.lan;601;2024-05-14 16:40:04;3;1.25;0.0;0.0;0.0;0.0;0
pablolaptop.pegaso.lan;601;2024-05-14 16:40:04;4;0.13;0.0;0.0;0.0;0.0;0
pablolaptop.pegaso.lan;601;2024-05-14 16:40:04;5;6.04;0.0;0.0;0.0;0.0;0
pablolaptop.pegaso.lan;601;2024-05-14 16:40:04;6;0.92;0.0;0.0;0.0;0.0;0
pablolaptop.pegaso.lan;601;2024-05-14 16:40:04;7;1.1;0.0;0.0;0.0;0.0;0
pablolaptop.pegaso.lan;601;2024-05-14 16:40:04;8;1.23;0.0;0.0;0.0;0.0;0
pablolaptop.pegaso.lan;601;2024-05-14 16:40:04;9;0.74;0.0;0.0;0.0;0.0;0
pablolaptop.pegaso.lan;601;2024-05-14 16:40:04;10;0.16;0.0;0.0;0.0;0.0;0
pablolaptop.pegaso.lan;601;2024-05-14 16:40:04;11;0.75;0.0;0.0;0.0;0.0;0
pablolaptop.pegaso.lan;601;2024-05-14 16:50:05;all;15.34;0.0;0.0;0.0;0.0;0
pablolaptop.pegaso.lan;601;2024-05-14 16:50:05;0;1.69;0.0;0.0;0.0;0.0;0
pablolaptop.pegaso.lan;601;2024-05-14 16:50:05;1;0.91;0.0;0.0;0.0;0.0;0
pablolaptop.pegaso.lan;601;2024-05-14 16:50:05;2;0.13;0.0;0.0;0.0;0.0;0
pablolaptop.pegaso.lan;601;2024-05-14 16:50:05;3;1.11;0.0;0.0;0.0;0.0;0
pablolaptop.pegaso.lan;601;2024-05-14 16:50:05;4;0.28;0.0;0.0;0.0;0.0;0
pablolaptop.pegaso.lan;601;2024-05-14 16:50:05;5;5.64;0.0;0.0;0.0;0.0;0
pablolaptop.pegaso.lan;601;2024-05-14 16:50:05;6;0.46;0.0;0.0;0.0;0.0;0
pablolaptop.pegaso.lan;601;2024-05-14 16:50:05;7;0.83;0.0;0.0;0.0;0.0;0
pablolaptop.pegaso.lan;601;2024-05-14 16:50:05;8;1.25;0.0;0.0;0.0;0.0;0
pablolaptop.pegaso.lan;601;2024-05-14 16:50:05;9;1.26;0.0;0.0;0.0;0.0;0
pablolaptop.pegaso.lan;601;2024-05-14 16:50:05;10;0.12;0.0;0.0;0.0;0.0;0
pablolaptop.pegaso.lan;601;2024-05-14 16:50:05;11;1.66;0.0;0.0;0.0;0.0;0
pablolaptop.pegaso.lan;601;2024-05-14 17:00:05;all;17.26;0.0;0.0;0.0;0.0;0
pablolaptop.pegaso.lan;601;2024-05-14 17:00:05;0;1.16;0.0;0.0;0.0;0.0;0
pablolaptop.pegaso.lan;601;2024-05-14 17:00:05;1;0.8;0.0;0.0;0.0;0.0;0
pablolaptop.pegaso.lan;601;2024-05-14 17:00:05;2;0.34;0.0;0.0;0.0;0.0;0
pablolaptop.pegaso.lan;601;2024-05-14 17:00:05;3;1.4;0.0;0.0;0.0;0.0;0
pablolaptop.pegaso.lan;601;2024-05-14 17:00:05;4;0.5;0.0;0.0;0.0;0.0;0
pablolaptop.pegaso.lan;601;2024-05-14 17:00:05;5;6.21;0.0;0.0;0.0;0.0;0
pablolaptop.pegaso.lan;601;2024-05-14 17:00:05;6;1.34;0.0;0.0;0.0;0.0;0
pablolaptop.pegaso.lan;601;2024-05-14 17:00:05;7;1.74;0.0;0.0;0.0;0.0;0
pablolaptop.pegaso.lan;601;2024-05-14 17:00:05;8;0.74;0.0;0.0;0.0;0.0;0
pablolaptop.pegaso.lan;601;2024-05-14 17:00:05;9;0.74;0.0;0.0;0.0;0.0;0
pablolaptop.pegaso.lan;601;2024-05-14 17:00:05;10;0.52;0.0;0.0;0.0;0.0;0
pablolaptop.pegaso.lan;601;2024-05-14 17:00:05;11;1.76;0.0;0.0;0.0;0.0;0
pablolaptop.pegaso.lan;601;2024-05-14 17:10:06;all;15.09;0.0;0.0;0.0;0.0;0
pablolaptop.pegaso.lan;601;2024-05-14 17:10:06;0;2.37;0.0;0.0;0.0;0.0;0
pablolaptop.pegaso.lan;601;2024-05-14 17:10:06;1;2.24;0.0;0.0;0.0;0.0;0
pablolaptop.pegaso.lan;601;2024-05-14 17:10:06;2;0.11;0.0;0.0;0.0;0.0;0
pablolaptop.pegaso.lan;601;2024-05-14 17:10:06;3;0.32;0.0;0.0;0.0;0.0;0
pablolaptop.pegaso.lan;601;2024-05-14 17:10:06;4;0.02;0.0;0.0;0.0;0.0;0
pablolaptop.pegaso.lan;601;2024-05-14 17:10:06;5;5.23;0.0;0.0;0.0;0.0;0
pablolaptop.pegaso.lan;601;2024-05-14 17:10:06;6;0.96;0.0;0.0;0.0;0.0;0
pablolaptop.pegaso.lan;601;2024-05-14 17:10:06;7;0.67;0.0;0.0;0.0;0.0;0
pablolaptop.pegaso.lan;601;2024-05-14 17:10:06;8;0.46;0.0;0.0;0.0;0.0;0
pablolaptop.pegaso.lan;601;2024-05-14 17:10:06;9;1.15;0.0;0.0;0.0;0.0;0
pablolaptop.pegaso.lan;601;2024-05-14 17:10:06;10;0.05;0.0;0.0;0.0;0.0;0
pablolaptop.pegaso.lan;601;2024-05-14 17:10:06;11;1.51;0.0;0.0;0.0;0.0;0
pablolaptop.pegaso.lan;601;2024-05-14 17:20:07;all;12.43;0.0;0.0;0.0;0.0;0
pablolaptop.pegaso.lan;601;2024-05-14 17:20:07;0;0.26;0.0;0.0;0.0;0.0;0
pablolaptop.pegaso.lan;601;2024-05-14 17:20:07;1;1.21;0.0;0.0;0.0;0.0;0
pablolaptop.pegaso.lan;601;2024-05-14 17:20:07;2;0.03;0.0;0.0;0.0;0.0;0
pablolaptop.pegaso.lan;601;2024-05-14 17:20:07;3;0.57;0.0;0.0;0.0;0.0;0
pablolaptop.pegaso.lan;601;2024-05-14 17:20:07;4;0.35;0.0;0.0;0.0;0.0;0
pablolaptop.pegaso.lan;601;2024-05-14 17:20:07;5;5.2;0.0;0.0;0.0;0.0;0
pablolaptop.pegaso.lan;601;2024-05-14 17:20:07;6;0.89;0.0;0.0;0.0;0.0;0
pablolaptop.pegaso.lan;601;2024-05-14 17:20:07;7;0.55;0.0;0.0;0.0;0.0;0
pablolaptop.pegaso.lan;601;2024-05-14 17:20:07;8;1.44;0.0;0.0;0.0;0.0;0
pablolaptop.pegaso.lan;601;2024-05-14 17:20:07;9;1.02;0.0;0.0;0.0;0.0;0
pablolaptop.pegaso.lan;601;2024-05-14 17:20:07;10;0.14;0.0;0.0;0.0;0.0;0
pablolaptop.pegaso.lan;601;2024-05-14 17:20:07;11;0.76;0.0;0.0;0.0;0.0;0
pablolaptop.pegaso.lan;601;2024-05-14 17:30:07;all;13.08;0.0;0.0;0.0;0.0;0
pablolaptop.pegaso.lan;601;2024-05-14 17:30:07;0;0.32;0.0;0.0;0.0;0.0;0
pablolaptop.pegaso.lan;601;2024-05-14 17:30:07;1;0.6;0.0;0.0;0.0;0.0;0
pablolaptop.pegaso.lan;601;2024-05-14 17:30:07;2;0.0;0.0;0.0;0.0;0.0;0
pablolaptop.pegaso.lan;601;2024-05-14 17:30:07;3;0.63;0.0;0.0;0.0;0.0;0
pablolaptop.pegaso.lan;601;2024-05-14 17:30:07;4;0.61;0.0;0.0;0.0;0.0;0
pablolaptop.pegaso.lan;601;2024-05-14 17:30:07;5;5.47;0.0;0.0;0.0;0.0;0
pablolaptop.pegaso.lan;601;2024-05-14 17:30:07;6;1.36;0.0;0.0;0.0;0.0;0
pablolaptop.pegaso.lan;601;2024-05-14 17:30:07;7;0.47;0.0;0.0;0.0;0.0;0
pablolaptop.pegaso.lan;601;2024-05-14 17:30:07;8;1.84;0.0;0.0;0.0;0.0;0
pablolaptop.pegaso.lan;601;2024-05-14 17:30:07;9;0.87;0.0;0.0;0.0;0.0;0
pablolaptop.pegaso.lan;601;2024-05-14 17:30:07;10;0.11;0.0;0.0;0.0;0.0;0
pablolaptop.pegaso.lan;601;2024-05-14 17:30:07;11;0.81;0.0;0.0;0.0;0.0;0
pablolaptop.pegaso.lan;601;2024-05-14 17:40:08;all;18.13;0.0;0.0;0.0;0.0;0
pablolaptop.pegaso.lan;601;2024-05-14 17:40:08;0;0.21;0.0;0.0;0.0;0.0;0
pablolaptop.pegaso.lan;601;2024-05-14 17:40:08;1;0.66;0.0;0.0;0.0;0.0;0
pablolaptop.pegaso.lan;601;2024-05-14 17:40:08;2;0.07;0.0;0.0;0.0;0.0;0
pablolaptop.pegaso.lan;601;2024-05-14 17:40:08;3;1.64;0.0;0.0;0.0;0.0;0
pablolaptop.pegaso.lan;601;2024-05-14 17:40:08;4;0.28;0.0;0.0;0.0;0.0;0
pablolaptop.pegaso.lan;601;2024-05-14 17:40:08;5;5.87;0.0;0.0;0.0;0.0;0
pablolaptop.pegaso.lan;601;2024-05-14 17:40:08;6;2.0;0.0;0.0;0.0;0.0;0
pablolaptop.pegaso.lan;601;2024-05-14 17:40:08;7;1.73;0.0;0.0;0.0;0.0;0
pablolaptop.pegaso.lan;601;2024-05-14 17:40:08;8;1.85;0.0;0.0;0.0;0.0;0
pablolaptop.pegaso.lan;601;2024-05-14 17:40:08;9;1.37;0.0;0.0;0.0;0.0;0
pablolaptop.pegaso.lan;601;2024-05-14 17:40:08;10;0.14;0.0;0.0;0.0;0.0;0
pablolaptop.pegaso.lan;601;2024-05-14 17:40:08;11;2.29;0.0;0.0;0.0;0.0;0
pablolaptop.pegaso.lan;601;2024-05-14 17:50:08;all;19.1;0.0;0.0;0.0;0.0;0
pablolaptop.pegaso.lan;601;2024-05-14 17:50:08;0;1.36;0.0;0.0;0.0;0.0;0
pablolaptop.pegaso.lan;601;2024-05-14 17:50:08;1;1.03;0.0;0.0;0.0;0.0;0
pablolaptop.pegaso.lan;601;2024-05-14 17:50:08;2;0.06;0.0;0.0;0.0;0.0;0
pablolaptop.pegaso.lan;601;2024-05-14 17:50:08;3;0.98;0.0;0.0;0.0;0.0;0
pablolaptop.pegaso.lan;601;2024-05-14 17:50:08;4;1.42;0.0;0.0;0.0;0.0;0
pablolaptop.pegaso.lan;601;2024-05-14 17:50:08;5;5.37;0.0;0.0;0.0;0.0;0
pablolaptop.pegaso.lan;601;2024-05-14 17:50:08;6;2.55;0.0;0.0;0.0;0.0;0
pablolaptop.pegaso.lan;601;2024-05-14 17:50:08;7;1.61;0.0;0.0;0.0;0.0;0
pablolaptop.pegaso.lan;601;2024-05-14 17:50:08;8;2.14;0.0;0.0;0.0;0.0;0
pablolaptop.pegaso.lan;601;2024-05-14 17:50:08;9;1.32;0.0;0.0;0.0;0.0;0
pablolaptop.pegaso.lan;601;2024-05-14 17:50:08;10;0.18;0.0;0.0;0.0;0.0;0
pablolaptop.pegaso.lan;601;2024-05-14 17:50:08;11;1.07;0.0;0.0;0.0;0.0;0
pablolaptop.pegaso.lan;601;2024-05-14 18:00:09;all;19.11;0.0;0.0;0.0;0.0;0
pablolaptop.pegaso.lan;601;2024-05-14 18:00:09;0;1.39;0.0;0.0;0.0;0.0;0
pablolaptop.pegaso.lan;601;2024-05-14 18:00:09;1;1.74;0.0;0.0;0.0;0.0;0
pablolaptop.pegaso.lan;601;2024-05-14 18:00:09;2;0.07;0.0;0.0;0.0;0.0;0
pablolaptop.pegaso.lan;601;2024-05-14 18:00:09;3;2.06;0.0;0.0;0.0;0.0;0
pablolaptop.pegaso.lan;601;2024-05-14 18:00:09;4;0.12;0.0;0.0;0.0;0.0;0
pablolaptop.pegaso.lan;601;2024-05-14 18:00:09;5;6.34;0.0;0.0;0.0;0.0;0
pablolaptop.pegaso.lan;601;2024-05-14 18:00:09;6;1.37;0.0;0.0;0.0;0.0;0
pablolaptop.pegaso.lan;601;2024-05-14 18:00:09;7;1.08;0.0;0.0;0.0;0.0;0
pablolaptop.pegaso.lan;601;2024-05-14 18:00:09;8;0.68;0.0;0.0;0.0;0.0;0
pablolaptop.pegaso.lan;601;2024-05-14 18:00:09;9;2.49;0.0;0.0;0.0;0.0;0
pablolaptop.pegaso.lan;601;2024-05-14 18:00:09;10;0.54;0.0;0.0;0.0;0.0;0
pablolaptop.pegaso.lan;601;2024-05-14 18:00:09;11;1.22;0.0;0.0;0.0;0.0;0
pablolaptop.pegaso.lan;591;2024-05-14 18:10:00;all;13.26;0.0;0.0;0.0;0.0;0
pablolaptop.pegaso.lan;591;2024-05-14 18:10:00;0;1.59;0.0;0.0;0.0;0.0;0
pablolaptop.pegaso.lan;591;2024-05-14 18:10:00;1;0.48;0.0;0.0;0.0;0.0;0
pablolaptop.pegaso.lan;591;2024-05-14 18:10:00;2;0.16;0.0;0.0;0.0;0.0;0
pablolaptop.pegaso.lan;591;2024-05-14 18:10:00;3;0.63;0.0;0.0;0.0;0.0;0
pablolaptop.pegaso.lan;591;2024-05-14 18:10:00;4;0.42;0.0;0.0;0.0;0.0;0
pablolaptop.pegaso.lan;591;2024-05-14 18:10:00;5;5.22;0.0;0.0;0.0;0.0;0
pablolaptop.pegaso.lan;591;2024-05-14 18:10:00;6;0.67;0.0;0.0;0.0;0.0;0
pablolaptop.pegaso.lan;591;2024-05-14 18:10:00;7;1.14;0.0;0.0;0.0;0.0;0
pablolaptop.pegaso.lan;591;2024-05-14 18:10:00;8;0.9;0.0;0.0;0.0;0.0;0
pablolaptop.pegaso.lan;591;2024-05-14 18:10:00;9;0.77;0.0;0.0;0.0;0.0;0
pablolaptop.pegaso.lan;591;2024-05-14 18:10:00;10;0.12;0.0;0.0;0.0;0.0;0
pablolaptop.pegaso.lan;591;2024-05-14 18:10:00;11;1.14;0.0;0.0;0.0;0.0;0
pablolaptop.pegaso.lan;601;2024-05-14 18:20:00;all;15.0;0.0;0.0;0.0;0.0;0
pablolaptop.pegaso.lan;601;2024-05-14 18:20:00;0;1.38;0.0;0.0;0.0;0.0;0
pablolaptop.pegaso.lan;601;2024-05-14 18:20:00;1;0.64;0.0;0.0;0.0;0.0;0
pablolaptop.pegaso.lan;601;2024-05-14 18:20:00;2;0.33;0.0;0.0;0.0;0.0;0
pablolaptop.pegaso.lan;601;2024-05-14 18:20:00;3;1.32;0.0;0.0;0.0;0.0;0
pablolaptop.pegaso.lan;601;2024-05-14 18:20:00;4;0.6;0.0;0.0;0.0;0.0;0
pablolaptop.pegaso.lan;601;2024-05-14 18:20:00;5;5.2;0.0;0.0;0.0;0.0;0
pablolaptop.pegaso.lan;601;2024-05-14 18:20:00;6;1.12;0.0;0.0;0.0;0.0;0
pablolaptop.pegaso.lan;601;2024-05-14 18:20:00;7;0.53;0.0;0.0;0.0;0.0;0
pablolaptop.pegaso.lan;601;2024-05-14 18:20:00;8;2.44;0.0;0.0;0.0;0.0;0
pablolaptop.pegaso.lan;601;2024-05-14 18:20:00;9;0.96;0.0;0.0;0.0;0.0;0
pablolaptop.pegaso.lan;601;2024-05-14 18:20:00;10;0.18;0.0;0.0;0.0;0.0;0
pablolaptop.pegaso.lan;601;2024-05-14 18:20:00;11;0.29;0.0;0.0;0.0;0.0;0
pablolaptop.pegaso.lan;601;2024-05-14 18:30:01;all;14.93;0.0;0.0;0.0;0.0;0
pablolaptop.pegaso.lan;601;2024-05-14 18:30:01;0;0.47;0.0;0.0;0.0;0.0;0
pablolaptop.pegaso.lan;601;2024-05-14 18:30:01;1;0.95;0.0;0.0;0.0;0.0;0
pablolaptop.pegaso.lan;601;2024-05-14 18:30:01;2;0.1;0.0;0.0;0.0;0.0;0
pablolaptop.pegaso.lan;601;2024-05-14 18:30:01;3;0.93;0.0;0.0;0.0;0.0;0
pablolaptop.pegaso.lan;601;2024-05-14 18:30:01;4;0.59;0.0;0.0;0.0;0.0;0
pablolaptop.pegaso.lan;601;2024-05-14 18:30:01;5;5.81;0.0;0.0;0.0;0.0;0
pablolaptop.pegaso.lan;601;2024-05-14 18:30:01;6;0.83;0.0;0.0;0.0;0.0;0
pablolaptop.pegaso.lan;601;2024-05-14 18:30:01;7;0.99;0.0;0.0;0.0;0.0;0
pablolaptop.pegaso.lan;601;2024-05-14 18:30:01;8;0.54;0.0;0.0;0.0;0.0;0
pablolaptop.pegaso.lan;601;2024-05-14 18:30:01;9;0.89;0.0;0.0;0.0;0.0;0
pablolaptop.pegaso.lan;601;2024-05-14 18:30:01;10;0.77;0.0;0.0;0.0;0.0;0
pablolaptop.pegaso.lan;601;2024-05-14 18:30:01;11;2.06;0.0;0.0;0.0;0.0;0
pablolaptop.pegaso.lan;601;2024-05-14 18:40:01;all;16.03;0.0;0.0;0.0;0.0;0
pablolaptop.pegaso.lan;601;2024-05-14 18:40:01;0;0.23;0.0;0.0;0.0;0.0;0
pablolaptop.pegaso.lan;601;2024-05-14 18:40:01;1;0.68;0.0;0.0;0.0;0.0;0
pablolaptop.pegaso.lan;601;2024-05-14 18:40:01;2;1.44;0.0;0.0;0.0;0.0;0
pablolaptop.pegaso.lan;601;2024-05-14 18:40:01;3;1.07;0.0;0.0;0.0;0.0;0
pablolaptop.pegaso.lan;601;2024-05-14 18:40:01;4;0.33;0.0;0.0;0.0;0.0;0
pablolaptop.pegaso.lan;601;2024-05-14 18:40:01;5;5.54;0.0;0.0;0.0;0.0;0
pablolaptop.pegaso.lan;601;2024-05-14 18:40:01;6;1.24;0.0;0.0;0.0;0.0;0
pablolaptop.pegaso.lan;601;2024-05-14 18:40:01;7;0.75;0.0;0.0;0.0;0.0;0
pablolaptop.pegaso.lan;601;2024-05-14 18:40:01;8;0.52;0.0;0.0;0.0;0.0;0
pablolaptop.pegaso.lan;601;2024-05-14 18:40:01;9;1.48;0.0;0.0;0.0;0.0;0
pablolaptop.pegaso.lan;601;2024-05-14 18:40:01;10;0.56;0.0;0.0;0.0;0.0;0
pablolaptop.pegaso.lan;601;2024-05-14 18:40:01;11;2.18;0.0;0.0;0.0;0.0;0
pablolaptop.pegaso.lan;556;2024-05-14 19:00:03;all;12.14;0.0;0.0;0.0;0.0;0
pablolaptop.pegaso.lan;556;2024-05-14 19:00:03;0;0.43;0.0;0.0;0.0;0.0;0
pablolaptop.pegaso.lan;556;2024-05-14 19:00:03;1;0.37;0.0;0.0;0.0;0.0;0
pablolaptop.pegaso.lan;556;2024-05-14 19:00:03;2;1.32;0.0;0.0;0.0;0.0;0
pablolaptop.pegaso.lan;556;2024-05-14 19:00:03;3;2.24;0.0;0.0;0.0;0.0;0
pablolaptop.pegaso.lan;556;2024-05-14 19:00:03;4;0.76;0.0;0.0;0.0;0.0;0
pablolaptop.pegaso.lan;556;2024-05-14 19:00:03;5;1.39;0.0;0.0;0.0;0.0;0
pablolaptop.pegaso.lan;556;2024-05-14 19:00:03;6;2.02;0.0;0.0;0.0;0.0;0
pablolaptop.pegaso.lan;556;2024-05-14 19:00:03;7;0.22;0.0;0.0;0.0;0.0;0
pablolaptop.pegaso.lan;556;2024-05-14 19:00:03;8;1.16;0.0;0.0;0.0;0.0;0
pablolaptop.pegaso.lan;556;2024-05-14 19:00:03;9;0.67;0.0;0.0;0.0;0.0;0
pablolaptop.pegaso.lan;556;2024-05-14 19:00:03;10;0.22;0.0;0.0;0.0;0.0;0
pablolaptop.pegaso.lan;556;2024-05-14 19:00:03;11;1.33;0.0;0.0;0.0;0.0;0
pablolaptop.pegaso.lan;597;2024-05-14 19:10:00;all;23.2;0.0;0.0;0.0;0.0;0
pablolaptop.pegaso.lan;597;2024-05-14 19:10:00;0;2.71;0.0;0.0;0.0;0.0;0
pablolaptop.pegaso.lan;597;2024-05-14 19:10:00;1;0.14;0.0;0.0;0.0;0.0;0
pablolaptop.pegaso.lan;597;2024-05-14 19:10:00;2;5.56;0.0;0.0;0.0;0.0;0
pablolaptop.pegaso.lan;597;2024-05-14 19:10:00;3;3.01;0.0;0.0;0.0;0.0;0
pablolaptop.pegaso.lan;597;2024-05-14 19:10:00;4;0.56;0.0;0.0;0.0;0.0;0
pablolaptop.pegaso.lan;597;2024-05-14 19:10:00;5;2.71;0.0;0.0;0.0;0.0;0
pablolaptop.pegaso.lan;597;2024-05-14 19:10:00;6;1.07;0.0;0.0;0.0;0.0;0
pablolaptop.pegaso.lan;597;2024-05-14 19:10:00;7;0.05;0.0;0.0;0.0;0.0;0
pablolaptop.pegaso.lan;597;2024-05-14 19:10:00;8;1.18;0.0;0.0;0.0;0.0;0
pablolaptop.pegaso.lan;597;2024-05-14 19:10:00;9;0.46;0.0;0.0;0.0;0.0;0
pablolaptop.pegaso.lan;597;2024-05-14 19:10:00;10;0.19;0.0;0.0;0.0;0.0;0
pablolaptop.pegaso.lan;597;2024-05-14 19:10:00;11;5.55;0.0;0.0;0.0;0.0;0
pablolaptop.pegaso.lan;649;2024-05-14 19:20:49;all;18.82;0.0;0.0;0.0;0.0;0
pablolaptop.pegaso.lan;649;2024-05-14 19:20:49;0;2.28;0.0;0.0;0.0;0.0;0
pablolaptop.pegaso.lan;649;2024-05-14 19:20:49;1;1.45;0.0;0.0;0.0;0.0;0
pablolaptop.pegaso.lan;649;2024-05-14 19:20:49;2;3.51;0.0;0.0;0.0;0.0;0
pablolaptop.pegaso.lan;649;2024-05-14 19:20:49;3;2.9;0.0;0.0;0.0;0.0;0
pablolaptop.pegaso.lan;649;2024-05-14 19:20:49;4;0.6;0.0;0.0;0.0;0.0;0
pablolaptop.pegaso.lan;649;2024-05-14 19:20:49;5;1.7;0.0;0.0;0.0;0.0;0
pablolaptop.pegaso.lan;649;2024-05-14 19:20:49;6;0.79;0.0;0.0;0.0;0.0;0
pablolaptop.pegaso.lan;649;2024-05-14 19:20:49;7;0.04;0.0;0.0;0.0;0.0;0
pablolaptop.pegaso.lan;649;2024-05-14 19:20:49;8;1.91;0.0;0.0;0.0;0.0;0
pablolaptop.pegaso.lan;649;2024-05-14 19:20:49;9;1.79;0.0;0.0;0.0;0.0;0
pablolaptop.pegaso.lan;649;2024-05-14 19:20:49;10;0.06;0.0;0.0;0.0;0.0;0
pablolaptop.pegaso.lan;649;2024-05-14 19:20:49;11;1.79;0.0;0.0;0.0;0.0;0
pablolaptop.pegaso.lan;600;2024-05-14 19:30:49;all;10.4;0.0;0.0;0.0;0.0;0
pablolaptop.pegaso.lan;600;2024-05-14 19:30:49;0;1.28;0.0;0.0;0.0;0.0;0
pablolaptop.pegaso.lan;600;2024-05-14 19:30:49;1;0.19;0.0;0.0;0.0;0.0;0
pablolaptop.pegaso.lan;600;2024-05-14 19:30:49;2;0.9;0.0;0.0;0.0;0.0;0
pablolaptop.pegaso.lan;600;2024-05-14 19:30:49;3;2.83;0.0;0.0;0.0;0.0;0
pablolaptop.pegaso.lan;600;2024-05-14 19:30:49;4;0.11;0.0;0.0;0.0;0.0;0
pablolaptop.pegaso.lan;600;2024-05-14 19:30:49;5;1.74;0.0;0.0;0.0;0.0;0
pablolaptop.pegaso.lan;600;2024-05-14 19:30:49;6;0.61;0.0;0.0;0.0;0.0;0
pablolaptop.pegaso.lan;600;2024-05-14 19:30:49;7;0.1;0.0;0.0;0.0;0.0;0
pablolaptop.pegaso.lan;600;2024-05-14 19:30:49;8;1.82;0.0;0.0;0.0;0.0;0
pablolaptop.pegaso.lan;600;2024-05-14 19:30:49;9;0.27;0.0;0.0;0.0;0.0;0
pablolaptop.pegaso.lan;600;2024-05-14 19:30:49;10;0.0;0.0;0.0;0.0;0.0;0
pablolaptop.pegaso.lan;600;2024-05-14 19:30:49;11;0.53;0.0;0.0;0.0;0.0;0
pablolaptop.pegaso.lan;600;2024-05-14 19:40:49;all;75.18;0.0;0.0;0.0;0.0;0
pablolaptop.pegaso.lan;600;2024-05-14 19:40:49;0;5.71;0.0;0.0;0.0;0.0;0
pablolaptop.pegaso.lan;600;2024-05-14 19:40:49;1;0.04;0.0;0.0;0.0;0.0;0
pablolaptop.pegaso.lan;600;2024-05-14 19:40:49;2;0.53;0.0;0.0;0.0;0.0;0
pablolaptop.pegaso.lan;600;2024-05-14 19:40:49;3;2.59;0.0;0.0;0.0;0.0;0
pablolaptop.pegaso.lan;600;2024-05-14 19:40:49;4;0.91;0.0;0.0;0.0;0.0;0
pablolaptop.pegaso.lan;600;2024-05-14 19:40:49;5;2.35;0.0;0.0;0.0;0.0;0
pablolaptop.pegaso.lan;600;2024-05-14 19:40:49;6;26.69;0.0;0.0;0.0;0.0;0
pablolaptop.pegaso.lan;600;2024-05-14 19:40:49;7;0.06;0.0;0.0;0.0;0.0;0
pablolaptop.pegaso.lan;600;2024-05-14 19:40:49;8;13.89;0.0;0.0;0.0;0.0;0
pablolaptop.pegaso.lan;600;2024-05-14 19:40:49;9;10.34;0.0;0.0;0.0;0.0;0
pablolaptop.pegaso.lan;600;2024-05-14 19:40:49;10;0.25;0.0;0.0;0.0;0.0;0
pablolaptop.pegaso.lan;600;2024-05-14 19:40:49;11;11.8;0.0;0.0;0.0;0.0;0
pablolaptop.pegaso.lan;600;2024-05-14 19:50:49;all;33.16;0.0;0.0;0.0;0.0;0
pablolaptop.pegaso.lan;600;2024-05-14 19:50:49;0;4.57;0.0;0.0;0.0;0.0;0
pablolaptop.pegaso.lan;600;2024-05-14 19:50:49;1;0.01;0.0;0.0;0.0;0.0;0
pablolaptop.pegaso.lan;600;2024-05-14 19:50:49;2;1.69;0.0;0.0;0.0;0.0;0
pablolaptop.pegaso.lan;600;2024-05-14 19:50:49;3;2.67;0.0;0.0;0.0;0.0;0
pablolaptop.pegaso.lan;600;2024-05-14 19:50:49;4;0.16;0.0;0.0;0.0;0.0;0
pablolaptop.pegaso.lan;600;2024-05-14 19:50:49;5;5.83;0.0;0.0;0.0;0.0;0
pablolaptop.pegaso.lan;600;2024-05-14 19:50:49;6;10.14;0.0;0.0;0.0;0.0;0
pablolaptop.pegaso.lan;600;2024-05-14 19:50:49;7;0.01;0.0;0.0;0.0;0.0;0
pablolaptop.pegaso.lan;600;2024-05-14 19:50:49;8;1.68;0.0;0.0;0.0;0.0;0
pablolaptop.pegaso.lan;600;2024-05-14 19:50:49;9;4.74;0.0;0.0;0.0;0.0;0
pablolaptop.pegaso.lan;600;2024-05-14 19:50:49;10;0.29;0.0;0.0;0.0;0.0;0
pablolaptop.pegaso.lan;600;2024-05-14 19:50:49;11;1.38;0.0;0.0;0.0;0.0;0
